City_ID,City,Lat,Lng,Max Temp,Humidity,Cloudiness,Wind Speed,Country,City Description
0,Jamestown,42.097,-79.2353,42.44,72,0,3.44,US,clear sky
1,Chokurdakh,70.6333,147.9167,-39.15,100,94,3.67,RU,overcast clouds
2,Coahuayana,18.7333,-103.6833,72.09,75,100,1.7,MX,overcast clouds
3,Avera,33.194,-82.5271,60.31,74,7,6.78,US,clear sky
4,Rocha,-34.4833,-54.3333,60.22,89,4,5.91,UY,clear sky
5,Clarence Town,-32.5833,151.7833,89.62,29,0,5.37,AU,clear sky
6,Punta Arenas,-53.15,-70.9167,46.51,71,40,9.22,CL,scattered clouds
7,Albany,42.6001,-73.9662,36.73,86,56,2.71,US,broken clouds
8,Hilo,19.7297,-155.09,80.33,73,75,9.22,US,broken clouds
9,Cidreira,-30.1811,-50.2056,70.92,96,11,8.19,BR,few clouds
10,Barrow,71.2906,-156.7887,3.22,85,100,20.71,US,mist
11,Avarua,-21.2078,-159.775,80.65,89,75,11.5,CK,light intensity drizzle
12,Hithadhoo,-0.6,73.0833,80.28,68,35,10.33,MV,scattered clouds
13,Ushuaia,-54.8,-68.3,42.46,81,75,25.32,AR,broken clouds
14,Paamiut,61.994,-49.6678,2.44,69,15,8.66,GL,few clouds
15,Greenfield,42.9614,-88.0126,36.9,88,100,6.91,US,mist
16,Tasiilaq,65.6145,-37.6368,3.36,63,22,6.53,GL,few clouds
17,Khatanga,71.9667,102.5,-8.63,97,100,10.58,RU,light snow
18,Ridge,40.894,-72.8959,51.22,88,100,0.0,US,overcast clouds
19,Yuzhne,46.6221,31.1013,44.8,86,30,11.88,UA,scattered clouds
20,Killybegs,54.6333,-8.45,44.82,87,100,29.44,IE,overcast clouds
21,Nikolskoye,59.7035,30.7861,26.49,93,100,5.37,RU,light snow
22,Flinders,-34.5833,150.8552,84.06,69,18,8.01,AU,few clouds
23,Baoro,5.6667,15.9667,65.79,38,1,5.26,CF,clear sky
24,Palora,-1.7,-77.9333,64.89,96,96,1.32,EC,overcast clouds
25,Norman Wells,65.282,-126.8329,8.64,72,75,13.8,CA,light snow
26,Bredasdorp,-34.5322,20.0403,66.7,94,62,4.47,ZA,broken clouds
27,Itapora,-22.0799,-54.7874,69.78,97,100,4.23,BR,moderate rain
28,Rikitea,-23.1203,-134.9692,78.66,73,18,11.41,PF,few clouds
29,Colares,38.7992,-9.4469,51.8,80,3,5.01,PT,clear sky
30,Butaritari,3.0707,172.7902,80.74,74,100,10.18,KI,overcast clouds
31,Puerto Rondon,6.2805,-71.1,75.31,72,7,5.41,CO,clear sky
32,Great Yarmouth,52.6083,1.7305,36.01,88,2,8.43,GB,clear sky
33,Zlotow,53.3635,17.0408,47.35,76,98,14.67,PL,overcast clouds
34,Vaini,-21.2,-175.2,82.56,89,40,11.5,TO,scattered clouds
35,Saint-Philippe,-21.3585,55.7679,74.79,78,79,4.81,RE,broken clouds
36,Brae,60.3964,-1.353,40.23,75,22,7.78,GB,few clouds
37,Sao Filipe,14.8961,-24.4956,76.39,57,59,7.4,CV,broken clouds
38,Tuktoyaktuk,69.4541,-133.0374,6.8,78,100,20.71,CA,light snow
39,Vorobyevka,50.6451,40.9245,33.49,92,77,5.37,RU,broken clouds
40,Aljezur,37.3191,-8.8033,48.6,83,62,8.16,PT,broken clouds
41,Cascais,38.6979,-9.4215,51.98,82,1,5.01,PT,clear sky
42,Hermanus,-34.4187,19.2345,69.8,90,2,5.46,ZA,clear sky
43,Surgut,61.25,73.4167,3.38,84,100,11.18,RU,light snow
44,Eureka,40.8021,-124.1637,49.93,87,100,1.01,US,overcast clouds
45,Ancud,-41.8697,-73.8203,54.0,91,66,7.47,CL,broken clouds
46,Rafaela,-31.2503,-61.4867,75.99,33,0,6.91,AR,clear sky
47,Kahului,20.8947,-156.47,80.96,75,40,10.0,US,scattered clouds
48,Tupik,54.4253,119.9327,-14.89,87,13,2.04,RU,few clouds
49,Kapaa,22.0752,-159.319,80.92,79,0,6.91,US,clear sky
50,Constitucion,-35.3333,-72.4167,55.33,81,52,16.51,CL,broken clouds
51,Otjiwarongo,-20.4637,16.6477,68.38,66,39,2.39,NA,scattered clouds
52,Poum,-20.2333,164.0167,78.8,66,12,11.36,NC,few clouds
53,Kembe,4.6228,21.8865,68.94,49,50,2.08,CF,scattered clouds
54,Ilulissat,69.2167,-51.1,-5.78,71,80,32.21,GL,broken clouds
55,Hobart,-42.8794,147.3294,59.25,65,75,12.66,AU,broken clouds
56,Geraldton,-28.7667,114.6,97.21,14,61,19.57,AU,broken clouds
57,Cape Town,-33.9258,18.4232,65.12,89,75,11.5,ZA,broken clouds
58,Rawson,-43.3002,-65.1023,68.97,33,16,16.78,AR,few clouds
59,Busselton,-33.65,115.3333,77.56,43,0,11.56,AU,clear sky
60,Chuy,-33.6971,-53.4616,63.63,85,0,7.72,UY,clear sky
61,Misratah,32.3754,15.0925,61.65,65,0,5.68,LY,clear sky
62,Blagoyevo,63.3667,47.9167,-1.35,94,100,8.41,RU,overcast clouds
63,San Joaquin,37.9333,-121.3011,46.11,89,100,14.05,US,light rain
64,Yellowknife,62.456,-114.3525,1.92,85,75,13.8,CA,light snow
65,Mataura,-46.1927,168.8643,78.84,42,100,1.16,NZ,overcast clouds
66,Thompson,55.7435,-97.8558,14.16,85,100,9.22,CA,light snow
67,Luderitz,-26.6481,15.1594,64.13,88,31,7.7,NA,scattered clouds
68,Mahebourg,-20.4081,57.7,74.25,94,40,5.75,MU,scattered clouds
69,Sirmaur,24.85,81.3833,46.56,70,0,1.92,IN,clear sky
70,Garowe,8.4054,48.4845,64.42,82,0,9.53,SO,clear sky
71,Mezcala,20.9333,-102.75,55.83,47,74,5.06,MX,broken clouds
72,Saint George,37.1041,-113.5841,43.95,68,100,4.61,US,overcast clouds
73,Port Hardy,50.6996,-127.4199,42.98,75,100,11.5,CA,overcast clouds
74,New Norfolk,-42.7826,147.0587,58.91,60,100,3.0,AU,overcast clouds
75,Portland,45.5234,-122.6762,40.35,77,75,19.57,US,broken clouds
76,Alofi,-19.0595,-169.9187,84.09,74,100,10.36,NU,overcast clouds
77,Hasaki,35.7333,140.8333,46.29,35,5,9.13,JP,clear sky
78,Seoul,37.5683,126.9778,24.37,52,0,2.3,KR,clear sky
79,Hafizabad,32.0679,73.6854,45.27,51,0,1.9,PK,clear sky
80,Atuona,-9.8,-139.0333,78.78,77,9,21.05,PF,clear sky
81,Selma,36.5708,-119.6121,49.64,93,75,11.5,US,moderate rain
82,Puerto Ayora,-0.7393,-90.3518,72.55,95,18,5.01,EC,few clouds
83,Port-Gentil,-0.7193,8.7815,77.14,86,100,11.05,GA,overcast clouds
84,Yerofey Pavlovich,53.9667,121.9667,-5.19,82,6,3.04,RU,clear sky
85,Labuhan,-6.8844,112.2051,81.28,75,100,12.24,ID,overcast clouds
86,Pak Phanang,8.3511,100.202,78.82,75,100,8.12,TH,overcast clouds
87,Osoyoos,49.0331,-119.4524,32.76,74,97,0.0,CA,overcast clouds
88,Port Elizabeth,-33.918,25.5701,71.1,92,0,3.44,ZA,clear sky
89,Ribeira Grande,38.5167,-28.7,61.77,85,100,15.01,PT,overcast clouds
90,Neiafu,-18.65,-173.9833,86.68,79,75,4.61,TO,light rain
91,Pitimbu,-7.4706,-34.8086,79.39,79,100,11.45,BR,overcast clouds
92,Carnarvon,-24.8667,113.6333,90.0,47,0,7.92,AU,clear sky
93,Lagoa,39.05,-27.9833,59.68,84,100,19.8,PT,overcast clouds
94,Castro,-24.7911,-50.0119,64.85,91,98,2.51,BR,overcast clouds
95,Gizo,-8.103,156.8419,84.76,71,100,8.68,SB,overcast clouds
96,Harnosand,62.6323,17.9379,15.8,84,11,10.36,SE,few clouds
97,Nyurba,63.2842,118.3319,0.91,95,100,8.75,RU,overcast clouds
98,Bonnyville,54.2668,-110.735,15.12,90,99,4.38,CA,overcast clouds
99,Cabo San Lucas,22.8909,-109.9124,72.52,72,0,6.91,MX,clear sky
100,Ahipara,-35.1667,173.1667,71.62,71,100,17.43,NZ,overcast clouds
101,Pimentel,-6.8367,-79.9342,70.09,94,40,13.8,PE,scattered clouds
102,Bengkulu,-3.8004,102.2655,75.34,86,100,3.83,ID,overcast clouds
103,Lodingen,68.414,15.9951,32.56,94,99,2.91,NO,light snow
104,Imphal,24.8167,93.95,49.91,100,20,0.0,IN,mist
105,Piacabucu,-10.4056,-36.4344,75.9,86,100,8.9,BR,overcast clouds
106,Cariamanga,-4.3333,-79.55,54.86,83,97,2.24,EC,overcast clouds
107,Sisimiut,66.9395,-53.6735,-3.23,82,66,17.22,GL,broken clouds
108,Bethel,41.3712,-73.414,46.27,86,100,0.0,US,overcast clouds
109,Victoria,22.2855,114.1577,63.19,76,96,11.01,HK,overcast clouds
110,Zambezi,-13.5432,23.1047,63.21,97,100,3.49,ZM,overcast clouds
111,Margate,51.3813,1.3862,48.9,85,9,10.65,GB,clear sky
112,The Valley,18.217,-63.0578,78.1,73,0,15.14,AI,clear sky
113,Nizhnyaya Tavda,57.6731,66.1725,22.05,95,100,9.75,RU,snow
114,Seybaplaya,19.65,-90.6667,80.06,66,13,8.55,MX,few clouds
115,Sistranda,63.7256,8.834,30.16,81,75,6.89,NO,broken clouds
116,Dikson,73.5069,80.5464,-2.25,98,100,5.59,RU,overcast clouds
117,Port Macquarie,-31.4333,152.9167,79.9,57,0,10.6,AU,clear sky
118,Vila Franca Do Campo,37.7167,-25.4333,59.41,86,100,6.49,PT,overcast clouds
119,Udimskiy,61.1417,45.9144,8.58,89,100,11.05,RU,overcast clouds
120,Adana,36.985,35.2881,46.92,70,0,3.44,TR,clear sky
121,Betare Oya,5.6,14.0833,67.91,36,9,4.99,CM,clear sky
122,Belyy Yar,53.6039,91.3903,-4.11,84,100,0.0,RU,smoke
123,Mar Del Plata,-38.0023,-57.5575,65.08,80,0,0.0,AR,clear sky
124,Cherskiy,68.75,161.3,-48.57,100,88,5.08,RU,overcast clouds
125,Naters,46.3254,7.9891,47.95,89,100,0.76,CH,overcast clouds
126,Provideniya,64.3833,-173.3,-3.89,86,40,6.78,RU,scattered clouds
127,Puerto Madero,14.7208,-92.4215,77.2,100,40,0.0,MX,scattered clouds
128,Bilma,18.6853,12.9164,54.57,37,46,4.0,NE,scattered clouds
129,West Helena,34.5507,-90.6418,71.35,90,100,19.57,US,moderate rain
130,Pasir Gudang,1.4584,103.8805,82.51,77,75,6.91,MY,broken clouds
131,Yaan,7.3833,8.5667,75.99,29,100,7.9,NG,overcast clouds
132,Ushtobe,45.2514,77.9838,29.17,74,100,10.31,KZ,overcast clouds
133,Itarema,-2.9248,-39.9167,78.82,81,41,12.3,BR,scattered clouds
134,Hambantota,6.1241,81.1185,68.34,100,20,3.44,LK,few clouds
135,Kidero,42.1932,45.9614,30.38,73,19,4.47,RU,few clouds
136,Ayagoz,47.9714,80.4392,22.06,95,100,20.18,KZ,light snow
137,Krasnoselkup,65.7,82.4667,-19.66,99,50,9.48,RU,scattered clouds
138,Sao Desiderio,-12.3633,-44.9733,68.04,92,5,2.42,BR,clear sky
139,Kovdor,67.5662,30.4758,9.01,99,98,2.57,RU,overcast clouds
140,Bireun,5.203,96.7009,77.36,80,100,3.71,ID,overcast clouds
141,Bluff,-46.6,168.3333,64.85,65,100,11.25,NZ,overcast clouds
142,Batagay,67.6333,134.6333,-43.06,100,63,3.71,RU,broken clouds
143,Saskylakh,71.9167,114.0833,-13.27,98,100,5.46,RU,overcast clouds
144,Codrington,-38.2667,141.9667,61.99,60,98,13.53,AU,overcast clouds
145,Ugoofaaru,5.6667,73.0,80.91,63,0,16.73,MV,clear sky
146,Yuzhnouralsk,54.4418,61.2536,24.44,94,100,20.6,RU,snow
147,Fortuna,40.5982,-124.1573,49.66,86,100,9.22,US,overcast clouds
148,Gravdal,68.1214,13.5031,35.06,60,60,14.92,NO,light snow
149,Huazhou,21.6333,110.5833,58.06,74,100,7.96,CN,overcast clouds
150,Ascension,30.2169,-90.9001,75.2,88,75,12.66,US,broken clouds
151,Emmett,43.8735,-116.4993,32.16,78,0,1.01,US,clear sky
152,Sitka,57.0531,-135.33,40.89,87,100,0.0,US,overcast clouds
153,La Ronge,55.1001,-105.2842,14.25,92,0,6.91,CA,clear sky
154,Lavrentiya,65.5833,-171.0,-9.17,83,100,7.74,RU,overcast clouds
155,Maibong,25.3,93.1667,58.33,67,0,1.32,IN,clear sky
156,Bandarbeyla,9.4942,50.8122,75.78,72,84,19.33,SO,light rain
157,Hauterive,46.0901,3.4459,43.56,89,100,0.94,FR,overcast clouds
158,Madang,-5.2246,145.7966,84.02,65,100,6.29,PG,overcast clouds
159,Beisfjord,68.3751,17.5988,32.47,97,100,1.05,NO,light snow
160,Palmer,42.1584,-72.3287,41.41,88,0,0.0,US,mist
161,Katsuura,35.1333,140.3,47.08,40,42,5.77,JP,scattered clouds
162,Lebu,-37.6167,-73.65,56.75,84,0,14.23,CL,clear sky
163,Longyearbyen,78.2186,15.6401,31.84,69,40,18.41,SJ,scattered clouds
164,Esil,51.9556,66.4042,31.87,98,100,20.6,KZ,light snow
165,Rorvik,64.8621,11.2373,28.51,93,100,3.44,NO,light snow
166,Upernavik,72.7868,-56.1549,-16.02,79,17,4.61,GL,few clouds
167,Sulangan,11.1373,123.7228,78.22,88,100,19.95,PH,moderate rain
168,Mokolo,10.7398,13.8019,61.0,40,86,5.53,CM,overcast clouds
169,East London,-33.0153,27.9116,69.44,86,100,12.26,ZA,overcast clouds
170,Moyale,3.5167,39.0584,65.84,72,33,7.29,KE,scattered clouds
171,Roma,43.2128,-75.4557,40.08,87,100,0.0,US,overcast clouds
172,Snezhnogorsk,69.1933,33.2531,-4.22,86,98,2.15,RU,overcast clouds
173,Bilibino,68.0546,166.4372,-43.13,100,51,1.19,RU,broken clouds
174,Robe,-37.1833,139.75,61.57,68,0,16.26,AU,clear sky
175,Manavalakurichi,8.1333,77.3,73.94,77,12,9.13,IN,few clouds
176,North Bend,43.4065,-124.2243,48.92,96,100,12.66,US,mist
177,Klaksvik,62.2266,-6.589,40.12,74,56,25.84,FO,broken clouds
178,Concepcion Del Oro,24.6333,-101.4167,54.3,27,5,6.67,MX,clear sky
179,Nuuk,64.1835,-51.7216,11.88,56,100,17.0,GL,light snow
180,Nivala,63.9167,24.9667,22.05,92,100,2.98,FI,light snow
181,Iqaluit,63.7506,-68.5145,-7.31,83,40,4.61,CA,light snow
182,Kenai,60.5544,-151.2583,35.65,84,0,5.75,US,clear sky
183,Marsa Matruh,31.3525,27.2453,64.6,68,40,11.5,EG,light rain
184,Oussouye,12.485,-16.5469,68.18,58,100,4.36,SN,overcast clouds
185,Ostrovnoy,68.0531,39.5131,22.59,75,100,22.41,RU,overcast clouds
186,Dingle,10.9995,122.6711,75.52,91,100,10.45,PH,overcast clouds
187,Lexington,37.9887,-84.4777,62.49,86,40,5.75,US,scattered clouds
188,Port Lincoln,-34.7333,135.8667,66.81,61,29,15.9,AU,scattered clouds
189,Faya,18.3851,42.4509,51.91,70,13,0.78,SA,few clouds
190,Safaga,26.7292,33.9365,64.24,61,0,5.3,EG,clear sky
191,Singkawang,0.9,109.0,81.77,76,96,6.06,ID,light rain
192,Boende,-0.2167,20.8667,71.37,83,100,2.33,CD,overcast clouds
193,Aksarka,66.5606,67.7975,1.27,96,100,14.79,RU,snow
194,Qaanaaq,77.484,-69.3632,-7.37,59,4,4.9,GL,clear sky
195,Nanortalik,60.1432,-45.2371,10.65,63,88,13.0,GL,overcast clouds
196,Torbay,47.6666,-52.7314,30.97,89,100,6.91,CA,overcast clouds
197,Tahe,52.3333,124.7333,3.16,74,4,5.53,CN,clear sky
198,Uusikaupunki,60.8004,21.4084,32.05,99,100,6.82,FI,light snow
199,Mehamn,71.0357,27.8492,28.35,69,75,13.8,NO,broken clouds
200,Kodiak,57.79,-152.4072,36.91,75,40,13.8,US,scattered clouds
201,Bichura,50.5881,107.6022,-14.28,99,89,1.3,RU,overcast clouds
202,Carutapera,-1.195,-46.02,76.14,88,30,5.44,BR,scattered clouds
203,Huilong,31.8111,121.655,44.38,55,10,7.11,CN,clear sky
204,Novobirilyussy,56.9514,90.6661,-1.79,97,68,4.88,RU,broken clouds
205,Pierre,44.3683,-100.351,29.32,80,20,7.0,US,few clouds
206,Praya,14.9215,-23.5087,73.15,75,52,13.31,CV,broken clouds
207,Kavaratti,10.5669,72.642,80.35,72,61,8.55,IN,broken clouds
208,Mayo,38.8876,-76.5119,59.25,81,100,6.91,US,overcast clouds
209,Awjilah,29.1081,21.2869,53.49,80,1,8.21,LY,clear sky
210,Broken Hill,-31.95,141.4333,82.4,27,0,18.23,AU,clear sky
211,Naivasha,-0.7167,36.4359,58.1,86,72,1.32,KE,broken clouds
212,Chara,56.9064,118.2631,-13.04,65,62,0.67,RU,broken clouds
213,Korla,41.7597,86.1469,16.48,64,39,4.21,CN,scattered clouds
214,Ola,59.5833,151.2833,2.97,75,100,16.22,RU,overcast clouds
215,Asau,46.4333,26.4,29.32,76,44,7.16,RO,scattered clouds
216,San Patricio,28.017,-97.5169,76.15,89,100,14.18,US,overcast clouds
217,Keta,5.9179,0.9879,73.62,73,48,3.67,GH,scattered clouds
218,Ceres,37.5949,-120.9577,46.17,89,100,9.22,US,moderate rain
219,Faanui,-16.4833,-151.75,81.59,70,69,15.26,PF,broken clouds
220,Batticaloa,7.7102,81.6924,76.05,73,55,8.37,LK,broken clouds
221,Mopti,14.6667,-4.0,62.64,27,0,2.3,ML,clear sky
222,Karratha,-20.7377,116.8463,92.03,41,94,5.46,AU,overcast clouds
223,Lasa,46.6166,10.7002,39.02,94,100,1.21,IT,overcast clouds
224,San Lorenzo,-25.3333,-57.5333,77.94,83,40,5.01,PY,scattered clouds
225,Fairbanks,64.8378,-147.7164,12.16,86,20,0.0,US,few clouds
226,Vardo,70.3705,31.1107,28.38,86,40,21.85,NO,scattered clouds
227,Santa Fe,-31.6333,-60.7,79.02,76,0,5.46,AR,light rain
228,Arraial Do Cabo,-22.9661,-42.0278,73.74,87,3,26.37,BR,clear sky
229,Panguna,-6.3164,155.4848,85.71,51,79,3.8,PG,broken clouds
230,Myaundzha,63.0494,147.1858,-36.18,96,65,4.14,RU,broken clouds
231,Tura,25.5198,90.2201,59.45,63,0,2.71,IN,clear sky
232,Mount Gambier,-37.8333,140.7667,62.1,54,99,10.94,AU,overcast clouds
233,Taltal,-25.4,-70.4833,66.83,81,11,2.64,CL,few clouds
234,Exeter,50.7236,-3.5275,46.63,97,100,6.89,GB,overcast clouds
235,Flin Flon,54.7682,-101.865,6.76,99,88,4.56,CA,overcast clouds
236,Dunedin,-45.8742,170.5036,59.81,95,100,12.3,NZ,overcast clouds
237,Werda,-25.2667,23.2833,74.61,46,53,8.93,BW,broken clouds
238,Dongsheng,39.8161,109.9776,17.69,46,0,7.25,CN,clear sky
239,Yelizovo,53.1873,158.3805,21.34,79,100,13.42,RU,shower snow
240,Haines Junction,60.7522,-137.5108,30.15,80,100,5.75,CA,overcast clouds
241,Campbellton,48.0075,-66.6727,25.25,94,27,3.4,CA,scattered clouds
242,Myitkyina,25.3833,97.4,60.06,57,0,2.19,MM,clear sky
243,Acapulco,16.8634,-99.8901,80.42,78,40,6.91,MX,scattered clouds
244,Mogadishu,2.0371,45.3438,77.47,74,100,19.82,SO,overcast clouds
245,Tiksi,71.6872,128.8694,-14.12,98,100,6.78,RU,overcast clouds
246,Severomorsk,69.0689,33.4162,-3.6,94,92,0.83,RU,overcast clouds
247,Santa Cruz,-17.8,-63.1667,74.66,83,75,2.3,BO,broken clouds
248,Christchurch,-43.5333,172.6333,75.33,63,99,18.41,NZ,overcast clouds
249,Shache,38.4167,77.2406,20.05,43,10,5.66,CN,clear sky
250,Kaitangata,-46.2817,169.8464,66.16,67,100,6.02,NZ,overcast clouds
251,Mvangue,2.9667,11.5167,67.15,97,35,1.48,CM,light rain
252,Najran,17.4924,44.1277,57.85,61,0,3.67,SA,clear sky
253,Scarborough,54.2797,-0.4044,35.78,89,3,10.0,GB,clear sky
254,Half Moon Bay,37.4636,-122.4286,50.59,90,100,13.8,US,mist
255,Araouane,18.9048,-3.5265,59.38,17,0,10.36,ML,clear sky
256,Abnub,27.2696,31.1511,48.42,73,0,5.57,EG,clear sky
257,Grand Gaube,-20.0064,57.6608,74.37,74,100,1.99,MU,overcast clouds
258,Cururupu,-1.8283,-44.8683,74.26,94,97,2.68,BR,overcast clouds
259,Calbuco,-41.768,-73.1273,56.41,87,97,7.49,CL,overcast clouds
260,Port Keats,-14.25,129.55,82.36,82,100,21.14,AU,overcast clouds
261,Watertown,42.3709,-71.1828,42.12,80,0,3.44,US,clear sky
262,Maceio,-9.6658,-35.7353,76.44,94,75,1.14,BR,broken clouds
263,Milotice,48.9553,17.1424,45.34,96,100,2.71,CZ,overcast clouds
264,Vaitape,-16.5167,-151.75,81.59,70,66,15.37,PF,broken clouds
265,Igbo Ora,7.4333,3.2833,73.24,33,39,2.1,NG,scattered clouds
266,Port Blair,11.6667,92.75,78.84,65,75,5.75,IN,broken clouds
267,Hamilton,39.1834,-84.5333,60.01,89,100,3.44,US,overcast clouds
268,Banjar,-8.19,114.9675,84.36,65,100,4.74,ID,overcast clouds
269,Jalu,29.0331,21.5482,53.53,80,2,8.59,LY,clear sky
270,Weiser,44.251,-116.9693,32.2,89,10,5.28,US,clear sky
271,Ko Samui,9.5357,99.9357,82.31,74,20,8.05,TH,few clouds
272,Mount Pleasant,32.7941,-79.8626,60.94,95,0,1.99,US,mist
273,Amalapuram,16.5833,82.0167,71.69,80,20,3.4,IN,few clouds
274,Padang,-0.9492,100.3543,78.85,76,100,0.83,ID,overcast clouds
275,Nanakuli,21.3906,-158.1547,80.55,59,0,11.5,US,clear sky
276,Sunds,56.2042,9.0127,41.7,87,75,12.66,DK,broken clouds
277,Tondano,1.3038,124.9112,78.89,60,100,2.48,ID,overcast clouds
278,Saurimo,-9.6608,20.3916,63.54,94,100,3.09,AO,overcast clouds
279,Kavieng,-2.5744,150.7967,85.19,69,47,8.55,PG,scattered clouds
280,West Wendover,40.7391,-114.0733,31.21,80,100,5.75,US,overcast clouds
281,Ketchikan,55.3422,-131.6461,39.18,93,100,5.75,US,moderate rain
282,Ambilobe,-13.2,49.05,71.94,93,60,3.78,MG,broken clouds
283,Bridgend,51.5058,-3.5772,46.53,93,54,3.0,GB,broken clouds
284,Aklavik,68.2191,-135.0107,0.99,96,100,7.81,CA,overcast clouds
285,Saldanha,-33.0117,17.9442,62.98,93,64,14.63,ZA,broken clouds
286,Severo-Kurilsk,50.6789,156.125,20.66,78,100,35.16,RU,light snow
287,Bagotville,-28.9833,153.4167,81.86,62,45,8.86,AU,scattered clouds
288,Tezu,27.9167,96.1667,62.04,43,0,0.78,IN,clear sky
289,Puerto Escondido,15.85,-97.0667,79.63,65,0,0.0,MX,clear sky
290,Banda Aceh,5.5577,95.3222,78.94,75,100,6.04,ID,overcast clouds
291,Havelock,34.8791,-76.9013,58.98,96,0,3.44,US,mist
292,Udachnyy,66.4167,112.4,-16.64,92,95,5.55,RU,overcast clouds
293,Goma,-1.6792,29.2228,59.52,78,0,3.47,CD,clear sky
294,Mandalgovi,45.7625,106.2708,2.19,87,98,5.39,MN,overcast clouds
295,Surt,31.2089,16.5887,58.82,73,0,5.97,LY,clear sky
296,Tamandare,-8.7597,-35.1047,78.82,74,100,7.74,BR,overcast clouds
297,Deputatskiy,69.3,139.9,-40.22,99,48,4.88,RU,scattered clouds
298,Boden,65.8252,21.6886,1.4,100,38,4.59,SE,scattered clouds
299,Nara,34.6851,135.8049,44.91,69,98,10.04,JP,overcast clouds
300,Sept-Iles,50.2001,-66.3821,21.2,71,100,6.91,CA,overcast clouds
301,Ixtapa,20.7,-105.2,72.63,83,20,4.61,MX,few clouds
302,Suntar,62.1444,117.6319,-0.13,92,100,9.19,RU,overcast clouds
303,Muli,2.9167,73.5667,80.42,68,8,12.37,MV,clear sky
304,Bay Roberts,47.5999,-53.2648,32.32,90,100,4.0,CA,overcast clouds
305,Saint-Francois,46.4154,3.9054,42.24,93,100,2.3,FR,mist
306,Gamba,-2.65,10.0,73.81,95,100,4.38,GA,heavy intensity rain
307,Stratford-Upon-Avon,52.1917,-1.7073,40.15,94,2,6.26,GB,clear sky
308,Ulagan,50.6321,87.9563,0.21,89,100,2.35,RU,overcast clouds
309,Beira,-19.8436,34.8389,73.49,100,20,5.01,MZ,light rain
310,Bambous Virieux,-20.3428,57.7575,74.21,94,40,5.75,MU,scattered clouds
311,Caucaia,-3.7361,-38.6531,82.35,77,40,11.5,BR,scattered clouds
312,Clyde River,70.4692,-68.5914,-28.97,68,0,6.91,CA,clear sky
313,Hervey Bay,-25.2986,152.8535,76.24,63,0,7.61,AU,clear sky
314,Zvishavane,-20.3267,30.0665,67.64,78,92,2.19,ZW,overcast clouds
315,Barzas,55.7167,86.3167,2.7,97,69,5.01,RU,broken clouds
316,Severnyy,50.677,36.5532,42.84,93,0,6.71,RU,clear sky
317,Ahuimanu,21.4447,-157.8378,80.31,74,20,9.22,US,few clouds
318,Waitati,-45.75,170.5667,59.81,95,100,8.12,NZ,overcast clouds
319,Mackay,-21.15,149.2,88.68,66,31,8.72,AU,scattered clouds
320,Miles City,46.4083,-105.8406,22.17,93,0,4.61,US,clear sky
321,Rabo De Peixe,37.8,-25.5833,58.51,82,20,12.66,PT,few clouds
322,Kurilsk,45.2333,147.8833,16.72,64,100,21.94,RU,light snow
323,Kabala,9.5833,-11.55,64.71,24,33,2.55,SL,scattered clouds
324,Bloemfontein,-29.1211,26.214,60.28,82,100,5.75,ZA,overcast clouds
325,Lima,-12.0432,-77.0282,71.91,76,40,17.27,PE,scattered clouds
326,Djambala,-2.5447,14.7533,67.32,90,97,0.98,CG,overcast clouds
327,Santiago Del Estero,-27.7951,-64.2615,77.49,28,5,10.56,AR,clear sky
328,Olafsvik,64.8945,-23.7142,32.61,65,100,13.09,IS,light snow
329,Doka,13.5167,35.7667,75.47,58,95,6.06,SD,overcast clouds
330,Te Anau,-45.4167,167.7167,74.82,44,100,5.82,NZ,overcast clouds
331,Sicamous,50.8331,-118.9856,32.97,95,100,4.0,CA,overcast clouds
332,At-Bashi,41.1702,75.8106,-1.3,74,14,2.28,KG,few clouds
333,Ermelo,-26.5333,29.9833,51.55,96,11,3.6,ZA,few clouds
334,Leshukonskoye,64.8989,45.7622,-13.43,100,62,4.07,RU,broken clouds
335,La Romana,18.4273,-68.9728,71.96,100,0,0.0,DO,clear sky
336,Leningradskiy,69.3833,178.4167,-23.93,97,100,12.71,RU,overcast clouds
337,Olinda,-8.0089,-34.8553,80.33,74,75,9.22,BR,broken clouds
338,Necochea,-38.5473,-58.7368,59.56,74,13,2.71,AR,few clouds
339,Namibe,-15.1961,12.1522,73.69,91,100,7.74,AO,light rain
340,Port Alfred,-33.5906,26.891,66.18,94,100,1.01,ZA,overcast clouds
341,Trat,12.5,102.5,78.87,65,100,8.55,TH,overcast clouds
342,Mariental,-24.6333,17.9667,77.99,44,87,3.4,NA,overcast clouds
343,Mamlyutka,54.9375,68.5394,26.62,95,100,20.33,KZ,snow
344,Tautira,-17.7333,-149.15,80.65,73,39,17.07,PF,scattered clouds
345,Constantine,36.365,6.6147,36.81,64,0,0.0,DZ,clear sky
346,Chatham,51.3789,0.5279,44.31,90,1,6.49,GB,light rain
347,High Level,58.5169,-117.136,8.71,92,20,0.0,CA,few clouds
348,Lorengau,-2.0226,147.2712,83.34,78,99,9.89,PG,overcast clouds
349,Hirara,24.8,125.2833,71.46,73,40,10.36,JP,scattered clouds
350,Alice Springs,-23.7,133.8833,92.75,40,62,18.41,AU,broken clouds
351,Aykhal,66.0,111.5,-12.01,91,100,3.74,RU,overcast clouds
352,Chimoio,-19.1164,33.4833,69.66,94,40,2.35,MZ,scattered clouds
353,Barcelos,41.5388,-8.6151,46.92,91,7,4.25,PT,clear sky
354,Longhua,23.6137,114.1919,57.85,60,79,5.44,CN,broken clouds
355,Kilindoni,-7.9139,39.6668,81.32,70,56,12.3,TZ,broken clouds
356,Isangel,-19.55,169.2667,84.6,69,18,9.55,VU,few clouds
357,Eydhafushi,5.1033,73.0708,80.94,61,1,17.18,MV,clear sky
358,Hofn,64.2539,-15.2082,44.28,85,100,33.58,IS,overcast clouds
359,North Las Vegas,36.1989,-115.1175,50.9,41,0,5.75,US,clear sky
360,Emerald,-23.5333,148.1667,89.35,44,31,6.15,AU,scattered clouds
361,Pangnirtung,66.1451,-65.7125,-15.18,89,98,4.03,CA,overcast clouds
362,Gorontalo,0.5412,123.0595,87.31,61,100,2.17,ID,overcast clouds
363,Koygorodok,60.445,50.9968,13.44,91,100,10.83,RU,overcast clouds
364,Isabela,6.7085,121.9711,84.25,86,100,6.71,PH,overcast clouds
365,Caravelas,-17.7125,-39.2481,71.04,86,100,4.47,BR,overcast clouds
366,Bonthe,7.5264,-12.505,75.96,83,0,3.65,SL,clear sky
367,Rioja,-29.4111,-66.8507,79.34,23,2,5.66,AR,clear sky
368,Maltahohe,-24.8333,16.9833,73.69,42,96,6.2,NA,overcast clouds
369,Vredendal,-31.6683,18.5012,63.77,85,1,4.9,ZA,clear sky
370,Henties Bay,-22.116,14.2845,65.37,90,96,7.85,NA,overcast clouds
371,Soyo,-6.1349,12.3689,76.66,88,99,5.75,AO,light rain
372,Okitipupa,6.5047,4.7839,68.52,59,92,2.48,NG,overcast clouds
373,Grivenskaya,45.6473,38.176,44.92,89,20,7.85,RU,few clouds
374,Damavand,35.7178,52.065,28.04,37,0,6.82,IR,clear sky
375,Salalah,17.0151,54.0924,69.89,64,0,4.61,OM,clear sky
376,Slave Lake,55.2834,-114.769,13.98,92,0,5.37,CA,clear sky
377,Saint-Pierre,-21.3393,55.4781,74.88,64,90,6.91,RE,light rain
378,Muisne,0.6,-80.0333,76.21,82,77,2.75,EC,broken clouds
379,Goure,13.9835,10.2704,57.0,26,5,11.81,NE,clear sky
380,Camacha,33.0833,-16.3333,58.42,72,40,11.5,PT,scattered clouds
381,Nouadhibou,20.931,-17.0347,67.98,68,0,18.41,MR,clear sky
382,Sur,22.5667,59.5289,71.8,49,8,16.67,OM,clear sky
383,Hovd,48.0056,91.6419,-3.95,77,99,1.97,MN,overcast clouds
384,Peace River,56.2501,-117.286,14.31,92,75,9.22,CA,broken clouds
385,Tilichiki,60.4667,166.1,-15.75,91,11,9.91,RU,few clouds
386,Ukiah,39.1502,-123.2078,43.16,92,100,4.61,US,overcast clouds
387,Mugur-Aksy,50.35,90.5,-4.65,92,100,5.46,RU,overcast clouds
388,Bintulu,3.1667,113.0333,75.61,100,40,1.14,MY,scattered clouds
389,Anderson,34.5334,-82.6499,60.96,99,100,0.0,US,mist
390,Cap Malheureux,-19.9842,57.6142,74.46,74,98,1.99,MU,overcast clouds
391,Sungaipenuh,-2.0833,101.3833,71.22,78,99,1.61,ID,moderate rain
392,Diveyevo,55.0433,43.2418,21.18,91,71,9.6,RU,broken clouds
393,Sturgeon Bay,44.8342,-87.377,33.78,86,100,4.61,US,overcast clouds
394,Mohpa,21.3167,78.8167,58.35,46,0,3.94,IN,clear sky
395,Oranjemund,-28.55,16.4333,62.76,96,4,3.29,NA,clear sky
396,Pervomayskiy,53.2485,40.2871,30.69,78,100,6.76,RU,light snow
397,Oktyabrskiy,54.4815,53.471,21.27,89,96,15.14,RU,overcast clouds
398,Puerto Baquerizo Moreno,-0.9,-89.6,72.54,83,12,6.49,EC,few clouds
399,Cabedelo,-6.9811,-34.8339,79.47,80,91,11.41,BR,overcast clouds
400,Abonnema,4.7084,6.7931,68.29,79,87,5.08,NG,overcast clouds
401,Inta,66.0317,60.1659,-6.57,86,100,7.4,RU,overcast clouds
402,Palana,59.1167,159.9667,15.48,74,91,13.49,RU,overcast clouds
403,Ipixuna,-1.7625,-48.8043,73.62,97,31,3.49,BR,scattered clouds
404,Maiduguri,11.8464,13.1603,62.24,56,84,8.41,NG,broken clouds
405,Ucluelet,48.9329,-125.5528,48.09,68,100,1.01,CA,overcast clouds
406,Gao,16.6362,1.637,59.11,21,67,11.45,ML,broken clouds
407,Tam Ky,15.5667,108.4833,67.93,95,100,8.32,VN,overcast clouds
408,Chiredzi,-21.05,31.6667,66.65,83,0,2.08,ZW,clear sky
409,Andenes,69.3143,16.1194,33.93,86,100,8.05,NO,light intensity drizzle
410,Mirabad,30.4362,61.8383,42.37,35,7,8.93,AF,clear sky
411,Isla Mujeres,21.2311,-86.731,78.17,82,50,15.79,MX,scattered clouds
412,Inhambane,-23.865,35.3833,72.95,87,6,4.56,MZ,clear sky
413,Pangoa,-12.1167,-73.0,68.14,97,99,3.18,PE,overcast clouds
414,Teshie,5.5836,-0.1072,77.56,69,22,4.61,GH,few clouds
415,Asfi,32.2994,-9.2372,59.95,79,95,11.12,MA,overcast clouds
416,Havre-Saint-Pierre,50.2334,-63.5986,21.2,72,0,4.61,CA,clear sky
417,Nampula,-15.1165,39.2666,69.75,94,100,7.0,MZ,thunderstorm with rain
418,Qaqortoq,60.7167,-46.0333,-4.54,65,64,6.55,GL,broken clouds
419,Tuatapere,-46.1333,167.6833,74.34,46,100,4.29,NZ,overcast clouds
420,Verkhnyaya Inta,65.9811,60.3094,-6.34,85,100,8.01,RU,overcast clouds
421,Camacari,-12.6975,-38.3242,78.57,95,95,4.05,BR,overcast clouds
422,Esperance,-33.8667,121.9,67.03,65,65,12.66,AU,broken clouds
423,Hami,42.8,93.45,18.12,55,90,2.04,CN,overcast clouds
424,Kruisfontein,-34.0033,24.7314,68.88,77,91,3.6,ZA,overcast clouds
425,Lufilufi,-13.8745,-171.5986,85.78,77,99,9.26,WS,light rain
426,Srednekolymsk,67.45,153.6833,-37.62,99,92,6.96,RU,overcast clouds
427,Vila Velha,-20.3297,-40.2925,71.94,92,20,2.3,BR,few clouds
428,Airai,-8.9266,125.4092,67.14,78,100,9.89,TL,overcast clouds
429,Surazh,53.0175,32.3918,43.39,89,100,14.88,RU,overcast clouds
430,Tigil,57.8,158.6667,25.93,67,100,20.74,RU,overcast clouds
431,Zhuhai,22.2769,113.5678,60.58,72,40,18.41,CN,scattered clouds
432,Afsin,38.2477,36.914,31.91,34,0,1.36,TR,clear sky
433,Aripuana,-9.1667,-60.6333,70.7,99,100,1.92,BR,overcast clouds
434,Naze,28.3667,129.4833,58.12,83,100,10.51,JP,overcast clouds
435,Petropavlovsk-Kamchatskiy,53.0452,158.6483,19.99,79,100,13.42,RU,shower snow
436,Narayangarh,30.4833,77.1333,45.55,69,1,2.42,IN,clear sky
437,Chicama,-7.8447,-79.1469,66.74,78,52,3.89,PE,broken clouds
438,Bagdarin,54.4333,113.6,-9.87,76,5,2.19,RU,clear sky
439,Ponta Do Sol,32.6667,-17.1,61.72,70,94,8.03,PT,overcast clouds
440,Thinadhoo,0.5333,72.9333,80.29,70,74,10.58,MV,broken clouds
441,Bonavista,48.6499,-53.1147,31.17,95,100,9.93,CA,light snow
442,Georgetown,5.4112,100.3354,82.33,83,20,6.91,MY,few clouds
443,Eyl,7.9803,49.8164,73.26,73,34,15.52,SO,scattered clouds
444,Dwarka,22.2394,68.9678,68.18,44,4,12.88,IN,clear sky
445,Quatre Cocos,-20.2078,57.7625,74.08,74,100,5.57,MU,overcast clouds
446,Nhulunbuy,-12.2333,136.7667,79.41,94,75,5.75,AU,moderate rain
447,Mount Isa,-20.7333,139.5,83.97,65,100,8.05,AU,light rain
448,Cabinda,-5.55,12.2,76.57,89,100,3.15,AO,light rain
449,Salacgriva,57.7536,24.3581,42.04,93,100,23.24,LV,overcast clouds
450,Clearlake,38.9582,-122.6264,38.52,69,100,5.14,US,snow
451,Krasnyy Chikoy,50.3643,108.7512,-15.95,98,82,1.39,RU,broken clouds
452,Gorodishche,48.8045,44.4744,32.88,93,0,4.47,RU,clear sky
453,Trincomalee,8.5711,81.2335,78.31,68,70,11.21,LK,broken clouds
454,Touba,8.2833,-7.6833,67.35,22,3,1.9,CI,clear sky
455,Bardiyah,31.7561,25.0865,61.59,77,86,18.14,LY,moderate rain
456,Wageningen,51.9667,5.6667,44.89,99,100,4.61,NL,fog
457,Anadyr,64.75,177.4833,-17.9,69,0,11.18,RU,clear sky
458,Santa Isabel,-23.3156,-46.2214,74.5,92,98,2.86,BR,overcast clouds
459,Luleburgaz,41.4039,27.3592,41.49,77,0,0.94,TR,clear sky
460,Adrar,20.5022,-10.0711,64.08,17,0,8.81,MR,clear sky
461,Cayenne,4.9333,-52.3333,75.24,88,100,4.61,GF,overcast clouds
462,Sao Gabriel Da Cachoeira,-0.1303,-67.0892,72.25,99,100,3.06,BR,overcast clouds
463,Maarianhamina,60.0973,19.9348,33.66,100,100,4.61,AX,overcast clouds
464,Betioky,-23.7167,44.3833,72.01,81,100,4.94,MG,overcast clouds
465,Nehe,48.4833,124.8333,1.56,75,0,4.21,CN,clear sky
466,Urumqi,43.801,87.6005,4.15,92,75,2.24,CN,mist
467,Sabile,57.0458,22.5726,40.64,82,100,20.4,LV,overcast clouds
468,Los Llanos De Aridane,28.6585,-17.9182,62.35,89,100,9.22,ES,overcast clouds
469,Karak,31.1667,35.75,41.94,84,0,15.66,JO,clear sky
470,Sinnamary,5.3833,-52.95,75.6,91,100,8.48,GF,light rain
471,Mocuba,-16.8392,36.9856,70.56,98,16,3.36,MZ,few clouds
472,Uruzgan,32.8333,66.0,29.03,32,0,7.78,AF,clear sky
473,Hirado,33.3597,129.5531,48.38,47,58,12.73,JP,broken clouds
474,Pevek,69.7008,170.3133,-37.66,100,100,4.36,RU,overcast clouds
475,Narsaq,60.9167,-46.05,-5.93,64,48,7.25,GL,scattered clouds
476,Vinh,18.6667,105.6667,60.44,80,100,6.6,VN,overcast clouds
477,Ust-Ishim,57.6935,71.1665,16.21,93,100,12.53,RU,overcast clouds
478,Namatanai,-3.6667,152.4333,85.89,67,37,7.05,PG,light rain
479,Ongandjera,-17.8833,15.0667,69.84,66,94,11.77,NA,light rain
480,Lompoc,34.6391,-120.4579,52.59,87,100,12.66,US,light rain
481,Fare,-16.7,-151.0167,81.59,69,100,15.17,PF,overcast clouds
482,Beringovskiy,63.05,179.3167,-14.87,92,27,12.24,RU,scattered clouds
483,Mikhaylovka,50.06,43.2379,31.78,90,81,6.87,RU,broken clouds
484,Marystown,47.1666,-55.1483,31.98,78,88,15.28,CA,overcast clouds
485,Batemans Bay,-35.7167,150.1833,70.11,78,87,9.35,AU,overcast clouds
486,Arman,59.7,150.1667,-0.18,80,100,16.31,RU,overcast clouds
487,Guangyuan,32.442,105.823,43.57,68,63,0.83,CN,broken clouds
488,Umm Kaddadah,13.6017,26.6876,59.94,28,1,15.82,SD,clear sky
489,Guerrero Negro,27.9769,-114.0611,58.91,65,0,12.77,MX,clear sky
490,Sao Joao Da Barra,-21.6403,-41.0511,74.52,86,0,21.03,BR,clear sky
491,Kamenka,51.3223,42.7678,29.17,84,43,7.09,RU,scattered clouds
492,Vilhena,-12.7406,-60.1458,69.82,97,100,5.44,BR,overcast clouds
493,Byron Bay,-28.65,153.6167,81.95,56,18,8.46,AU,few clouds
494,Bowen,-20.0167,148.2333,81.86,66,60,10.45,AU,broken clouds
495,Kargasok,59.0556,80.8572,-4.63,99,98,8.12,RU,overcast clouds
496,Dhidhdhoo,6.8833,73.1,80.06,64,43,9.64,MV,scattered clouds
497,Marsh Harbour,26.5412,-77.0636,74.48,80,2,14.56,BS,clear sky
498,Toktogul,41.8708,72.9402,14.72,72,100,2.55,KG,overcast clouds
499,Isoka,-10.1606,32.6335,60.66,97,97,2.06,ZM,light rain
500,San Cristobal,7.7669,-72.225,68.18,97,92,2.66,VE,overcast clouds
501,Santa Maria,-29.6842,-53.8069,74.5,60,0,4.61,BR,clear sky
502,Zhenjiang,32.2092,119.4342,42.39,62,2,4.38,CN,clear sky
503,Antsla,57.8256,26.5406,32.85,98,100,7.85,EE,overcast clouds
504,Benicarlo,40.4165,0.4271,57.56,71,100,7.14,ES,light rain
505,Galesong,-5.3166,119.3661,73.42,75,100,16.22,ID,light rain
506,Toba,34.4833,136.85,44.6,60,96,21.34,JP,overcast clouds
507,Acarau,-2.8856,-40.12,78.91,82,40,13.4,BR,scattered clouds
508,Mumford,5.2618,-0.759,77.14,83,69,4.52,GH,broken clouds
509,Liwale,-9.7667,37.9333,66.4,98,99,3.27,TZ,overcast clouds
510,Biak,-0.9131,122.8766,83.37,65,98,1.77,ID,overcast clouds
511,Antofagasta,-23.65,-70.4,65.48,80,32,5.79,CL,scattered clouds
512,Pueblo Rico,5.2383,-76.0364,61.43,98,94,1.72,CO,light rain
513,Tessalit,20.1986,1.0114,55.4,29,0,10.49,ML,clear sky
514,Mechanicsville,37.6088,-77.3733,59.23,83,100,8.05,US,overcast clouds
515,Ouadda,8.0777,22.4007,66.63,36,5,5.48,CF,clear sky
516,Houthulst,50.9637,2.8986,40.3,90,34,7.78,BE,scattered clouds
517,Bondo,3.8146,23.6866,70.59,56,100,3.04,CD,overcast clouds
518,Tacoronte,28.4769,-16.4102,59.83,86,0,8.99,ES,clear sky
519,Obo,5.3998,26.4869,71.37,49,98,4.92,CF,overcast clouds
520,Klichka,50.4457,117.996,-16.29,88,12,1.39,RU,few clouds
521,Kieta,-6.2167,155.6333,87.08,62,65,9.86,PG,broken clouds
522,Bozovici,44.9389,22.0017,49.14,68,57,3.94,RO,broken clouds
523,Madzhalis,42.1217,47.8333,48.9,50,25,3.85,RU,scattered clouds
524,College,64.8569,-147.8028,12.15,85,75,0.0,US,broken clouds
525,Portobelo,9.55,-79.65,75.96,83,31,10.27,PA,scattered clouds
526,Okhotsk,59.3833,143.3,0.05,70,100,24.76,RU,overcast clouds
527,Mouila,-1.8685,11.0559,72.75,98,83,2.57,GA,broken clouds
528,Sakakah,29.9697,40.2064,51.37,83,79,12.37,SA,broken clouds
529,Saint-Joseph,-21.3667,55.6167,73.78,80,86,3.69,RE,overcast clouds
530,Farah,32.5,62.5,35.87,51,0,3.74,AF,clear sky
531,Fernandopolis,-20.2839,-50.2464,68.67,92,100,2.95,BR,overcast clouds
532,Grimshaw,56.1834,-117.6027,11.82,92,75,9.22,CA,broken clouds
533,Sidhauli,27.2833,80.8333,47.84,64,5,2.82,IN,clear sky
534,Ramhormoz,31.28,49.6035,54.27,41,3,3.31,IR,clear sky
535,Lewisporte,49.2499,-55.0482,28.11,96,92,3.89,CA,overcast clouds
536,Genhe,50.7833,121.5167,-12.69,93,34,2.37,CN,scattered clouds
537,Vysokogornyy,50.1167,139.15,-12.57,88,98,7.92,RU,overcast clouds
538,Saint-Augustin,51.226,-58.6502,22.37,96,97,5.77,CA,overcast clouds
539,Bom Jardim,-7.7958,-35.5872,71.47,87,100,4.41,BR,overcast clouds
540,Umba,66.6871,34.3429,4.62,97,96,6.17,RU,overcast clouds
541,Yar-Sale,66.8333,70.8333,1.31,96,100,20.09,RU,light snow
542,Imeni Poliny Osipenko,52.4201,136.4853,-22.77,87,37,3.29,RU,scattered clouds
543,Shingu,33.7333,135.9833,49.57,44,15,10.74,JP,few clouds
544,Dicabisagan,17.0818,122.4157,76.14,89,100,15.52,PH,overcast clouds
545,Port Hedland,-20.3167,118.5667,89.65,66,44,14.97,AU,scattered clouds
546,Alekseyevsk,57.8406,108.3492,-3.77,97,100,6.67,RU,overcast clouds
547,Punta De Bombon,-17.1717,-71.7931,70.05,81,100,5.03,PE,overcast clouds
548,Pacific Grove,36.6177,-121.9166,54.66,74,100,10.36,US,overcast clouds
549,Davenport,41.5236,-90.5776,41.95,88,100,11.5,US,overcast clouds
550,Teguldet,57.3064,88.1667,-2.56,100,93,4.18,RU,overcast clouds
551,Jiuquan,39.7432,98.5174,16.05,56,0,3.6,CN,clear sky
552,Bathsheba,13.2167,-59.5167,79.41,73,40,14.97,BB,scattered clouds
553,Sola,-13.8833,167.55,78.85,90,100,25.39,VU,light rain
554,Monduli,-3.3,36.45,58.08,86,28,2.75,TZ,scattered clouds
555,Omboue,-1.5746,9.2618,74.93,93,100,2.82,GA,moderate rain
556,Inverell,-29.7833,151.1167,87.67,51,18,1.99,AU,few clouds
557,Xingyi,24.1877,102.817,44.83,88,84,3.67,CN,broken clouds
558,Luohe,33.5717,114.0353,42.31,45,0,5.39,CN,clear sky
559,Talnakh,69.4865,88.3972,-27.83,98,95,4.54,RU,overcast clouds
560,Vestmannaeyjar,63.4427,-20.2734,38.23,80,100,9.28,IS,overcast clouds
561,Usinsk,65.9939,57.5281,-10.88,99,97,4.03,RU,overcast clouds
562,Fort Saint James,54.4333,-124.25,26.22,98,100,0.94,CA,light snow
563,Mitu,1.1983,-70.1733,71.92,94,100,2.39,CO,overcast clouds
564,Teguise,29.0605,-13.564,57.42,41,0,5.75,ES,clear sky
565,Dakar,14.6937,-17.4441,72.48,71,25,15.21,SN,scattered clouds
566,Hay River,60.8156,-115.7999,8.58,85,75,8.05,CA,broken clouds
567,Houston,29.7633,-95.3633,76.37,83,100,18.41,US,mist
568,Lata,40.1629,-8.3327,40.91,92,0,2.84,PT,clear sky
569,Barcelona,41.3888,2.159,59.54,83,20,9.22,ES,few clouds
570,French Harbor,16.35,-86.4333,80.6,93,20,14.97,HN,few clouds
571,Coihaique,-45.5752,-72.0662,55.35,50,75,6.91,CL,broken clouds
572,Penne,42.4538,13.9299,48.22,79,77,3.09,IT,broken clouds
573,Roald,62.5833,6.1333,33.33,69,87,9.22,NO,overcast clouds
574,Sal Rei,16.1833,-22.9167,73.13,75,31,18.07,CV,scattered clouds
575,Mecca,21.4267,39.8261,73.67,72,72,0.54,SA,light rain
576,Zhigansk,66.7697,123.3711,-21.84,98,100,15.26,RU,overcast clouds
577,Vallenar,-28.5708,-70.7581,71.2,52,0,3.2,CL,clear sky
578,Sungai Besar,3.6746,100.9867,78.4,82,100,2.8,MY,overcast clouds
579,Vostok,46.4856,135.8833,-4.18,88,100,8.28,RU,overcast clouds
580,Mareeba,-17.0,145.4333,79.52,95,100,1.83,AU,light rain
581,Broome,42.2506,-75.833,44.55,81,0,3.44,US,clear sky
582,Daru,-9.0763,143.2092,89.83,54,88,2.46,PG,overcast clouds
583,Kondinskoye,59.6481,67.41,18.18,95,100,11.21,RU,light snow
584,Atasu,48.6814,71.6433,28.22,95,100,26.19,KZ,snow
585,Labuan,5.2767,115.2417,79.16,94,40,3.44,MY,scattered clouds
586,Kaeo,-35.1,173.7833,72.32,75,100,17.65,NZ,overcast clouds
587,Dzidzantun,21.25,-89.05,77.49,64,62,8.48,MX,broken clouds
588,Nipawin,53.3668,-104.0009,5.04,92,0,8.05,CA,clear sky
589,Kirakira,-10.4544,161.9205,84.43,72,100,11.65,SB,moderate rain
590,Gashua,12.871,11.0482,60.6,33,88,12.39,NG,overcast clouds
591,Barguzin,53.6167,109.6167,-10.77,89,45,1.97,RU,scattered clouds
592,Tomatlan,19.9333,-105.25,70.59,82,96,1.83,MX,overcast clouds
593,Cuenca,-2.8833,-78.9833,53.73,82,75,8.05,EC,broken clouds
594,Bikin,46.8161,134.26,3.47,79,41,8.3,RU,scattered clouds
595,Honiara,-9.4333,159.95,82.8,80,80,8.03,SB,broken clouds
596,Kandrian,-6.2167,149.55,87.01,67,100,11.36,PG,overcast clouds
597,Setermoen,68.861,18.3486,27.1,93,100,2.04,NO,light snow
598,Picota,-6.9197,-76.3304,84.69,69,100,2.57,PE,overcast clouds
599,Tahoua,14.8888,5.2692,58.8,21,16,14.03,NE,few clouds
600,Kalabo,-14.97,22.6814,64.38,97,100,4.43,ZM,overcast clouds
601,Mahad,18.0833,73.4167,69.78,56,5,3.8,IN,clear sky
602,Ubrique,36.6778,-5.446,52.86,93,100,0.76,ES,overcast clouds
603,Sol-Iletsk,51.1631,54.9918,24.87,91,100,18.07,RU,overcast clouds
604,Boyolangu,-8.1181,111.8935,83.05,67,94,5.03,ID,overcast clouds
605,Karaton,-6.3424,106.1045,78.75,79,100,6.08,ID,moderate rain
606,Comodoro Rivadavia,-45.8667,-67.5,71.46,24,0,24.16,AR,clear sky
607,Pisco,-13.7,-76.2167,69.03,88,0,21.85,PE,moderate rain
608,Lerwick,60.1545,-1.1494,41.0,68,12,9.1,GB,few clouds
609,Lumphat,13.4878,106.9816,79.77,56,11,6.58,KH,few clouds
610,Suruc,36.9761,38.425,41.83,36,0,3.47,TR,clear sky
611,Sawakin,19.1059,37.3321,74.84,83,94,11.74,SD,overcast clouds
612,Kayerkan,69.3497,87.7602,-26.64,97,43,5.17,RU,scattered clouds
613,Yeppoon,-23.1333,150.7333,89.38,60,11,9.66,AU,few clouds
614,Wainwright,52.839,-110.8572,10.92,86,34,6.11,CA,scattered clouds
615,Zlitan,32.4674,14.5687,59.92,63,0,3.89,LY,clear sky
616,Juba,4.8517,31.5825,76.66,48,29,1.16,SS,scattered clouds
617,Buraydah,26.326,43.975,55.85,77,100,8.34,SA,heavy intensity rain
618,Oparino,59.8518,48.2783,12.76,89,97,11.43,RU,overcast clouds
619,Bantogon,6.5333,124.0333,79.29,80,100,3.02,PH,overcast clouds
620,Lesnoy,57.6198,63.0784,22.75,97,100,5.08,RU,light snow
621,Coquimbo,-29.9533,-71.3436,60.53,88,0,10.36,CL,clear sky
622,Rajshahi,24.3667,88.6,58.86,51,0,5.53,BD,clear sky
623,Whitehorse,60.7161,-135.0538,29.17,86,75,23.02,CA,broken clouds
624,Oga,46.4631,10.347,34.03,97,100,3.04,IT,overcast clouds
625,Gopalpur,19.2667,84.9167,70.57,83,7,6.22,IN,clear sky
626,Muros,42.7762,-9.0603,47.68,75,53,7.92,ES,broken clouds
627,Yaqui,27.3667,-110.1667,58.66,66,16,8.55,MX,few clouds
628,Salinas,36.6777,-121.6555,55.51,67,100,5.32,US,overcast clouds
629,Pedreira,-22.7419,-46.9014,74.07,90,100,3.65,BR,overcast clouds
630,Rio Grande,-32.035,-52.0986,70.09,81,2,16.96,BR,clear sky
631,Dmytrivka,45.9717,28.9864,45.63,71,6,8.03,UA,clear sky
632,Sierra Vista,31.5545,-110.3037,41.38,80,100,10.36,US,overcast clouds
633,Machico,32.7,-16.7667,61.72,76,40,10.36,PT,light rain
634,Royan,45.6285,-1.0281,50.02,85,0,3.87,FR,clear sky
635,Karasuk,53.7377,78.0403,15.87,94,83,14.09,RU,broken clouds
636,Nantucket,41.2835,-70.0995,40.14,90,8,7.43,US,clear sky
637,Muromtsevo,56.3724,75.2418,14.76,95,100,12.35,RU,overcast clouds
638,Bethanien,-26.502,17.1583,76.89,27,9,4.25,NA,clear sky
639,Mercedes,-34.6515,-59.4307,69.04,25,0,2.3,AR,clear sky
640,Goundam,16.4145,-3.6708,63.61,16,71,9.13,ML,broken clouds
641,Phek,25.6667,94.5,40.84,85,20,1.61,IN,few clouds
642,Yumen,40.2833,97.2,17.1,46,0,4.76,CN,clear sky
643,Nemuro,43.3236,145.575,20.43,51,2,19.66,JP,clear sky
644,Pallisa,1.145,33.7094,63.68,72,4,2.55,UG,clear sky
645,Bosaso,11.2842,49.1816,72.64,75,1,3.87,SO,clear sky
646,Mahibadhoo,3.7833,72.9667,80.4,66,2,13.29,MV,clear sky
647,Kargat,55.1956,80.2811,13.17,95,88,11.23,RU,overcast clouds
648,Mangrol,21.1167,70.1167,63.57,43,34,11.36,IN,scattered clouds
649,Miraflores,19.2167,-98.8083,60.87,70,34,4.45,MX,scattered clouds
650,Opuwo,-18.0607,13.84,64.76,80,89,7.38,NA,overcast clouds
651,Sinjai,-5.1241,120.253,85.64,63,100,7.81,ID,overcast clouds
652,Dubti,11.7361,41.0853,69.82,70,13,8.84,ET,few clouds
